Name	NumReads	ReadsMapped	PctOnTarget	GenesMapped	GenesWithContigs	GenesWithSeqs	GenesAt25pct	GenesAt50pct	GenesAt75pct	GenesAt150pct	ParalogWarningsLong	ParalogWarningsDepth	GenesWithoutStitchedContigs	GenesWithStitchedContigs	GenesWithStitchedContigsSkipped	GenesWithChimeraWarning
Alfredia-acantholepis_1	13100810	3929993	30	1054	1038	1036	1032	953	747	4	243	301	746	290	0	0
Carduus-acanthoides_866156	4966154	1447442	29.1	1056	1034	1031	1026	962	768	1	243	291	806	225	0	0
Carduus-carlinifolius_253	8254056	4268349	51.7	1049	1027	1024	1022	961	775	5	250	305	816	208	0	0
Carduus-cephalanthus_258	1828168	1244305	68.1	1020	910	891	847	580	324	0	29	50	602	289	0	0
Carduus-chrysacanthus_273	4088406	2067678	50.6	1043	1022	1017	1011	943	727	3	223	279	778	239	0	0
Carduus-collinus_WG633	8407606	5284176	62.8	1050	1037	1033	1030	978	824	5	359	448	805	228	0	0
Carduus-defloratus_BC9	4454204	1815330	40.8	1046	1026	1022	1019	954	764	2	252	295	817	205	0	0
Carduus-granatensis_255	6058868	2651950	43.8	1051	1029	1024	1019	934	713	1	197	259	746	278	0	0
Carduus-leptacanthus_WG123	3731462	1133019	30.4	1038	1014	1011	1007	945	762	1	230	273	815	196	0	0
Carduus-nigrescens_941129	8502152	3479200	40.9	1054	1039	1035	1033	984	820	5	298	357	861	174	0	0
Carduus-nyassanus_BR98	6454012	1797937	27.9	1048	1027	1023	1018	951	760	1	249	308	773	250	0	0
Carduus-schimperi_ellenbeckiiBR70	9955230	3960816	39.8	1051	1033	1030	1026	964	794	1	283	338	800	230	0	0
Carduus-seminudus_904076	6754952	1758711	26	1049	1033	1028	1023	964	774	2	255	304	825	203	0	0
Carduus-silvarum_GC445	1337458	162309	12.1	1029	887	882	869	739	540	1	124	160	681	201	0	0
Carduus-tenuiflorus_910999	5982012	1674477	28	1053	1028	1022	1018	942	747	2	432	576	717	305	0	0
Carduus-vivariensis_MA424	1542164	106175	6.9	1029	756	746	724	590	396	1	73	89	599	147	0	0
Cirsium-acaulon_259	5759650	2980288	51.7	1049	1027	1022	1016	937	729	0	194	258	746	276	0	0
Cirsium-adjaricum_TD3609	7080658	2754886	38.9	1048	1037	1032	1028	984	829	3	293	345	827	205	0	0
Cirsium-aduncum_MW212	4837722	705717	14.6	1046	1013	1008	1003	945	757	3	214	265	813	195	0	0
Cirsium-aduncum_TD5132	5746228	860636	15	1047	1017	1013	1009	954	788	3	258	314	803	210	0	0
Cirsium-aidzuense_FJ336	6181386	3450774	55.8	1052	1036	1030	1024	933	730	0	193	252	727	303	0	0
Cirsium-aitchisonii_V634	6419594	3119644	48.6	1048	1035	1030	1025	972	792	3	248	300	828	202	0	0
Cirsium-alatum_MW214	4531902	956542	21.1	1038	1014	1007	1001	948	777	2	221	261	832	175	0	0
Cirsium-alberti_PE243	2356268	1725537	73.2	1019	934	913	879	640	369	0	50	80	608	306	0	0
Cirsium-alpicola_FJ323	6169032	3253799	52.7	1047	1033	1030	1025	969	787	2	234	296	795	235	0	0
Cirsium-alsophilum_V635	6751546	4212338	62.4	1051	1033	1030	1024	976	814	4	268	313	843	187	0	0
Cirsium-altissimum_MA620	4676758	2317844	49.6	1049	1026	1022	1018	972	812	3	242	282	844	178	0	0
Cirsium-amani_T13	2986350	1558362	52.2	1046	1028	1021	1016	941	755	0	217	263	781	240	0	0
Cirsium-amplexifolium_FJ326	6406034	3237132	50.5	1049	1032	1027	1021	952	763	0	210	264	778	249	0	0
Cirsium-andersonii_36	2325026	998740	43	1035	1018	1018	1012	946	757	1	211	256	770	248	0	0
Cirsium-andrewsii_61	6179694	1108139	17.9	1045	1021	1020	1013	936	738	1	214	260	764	256	0	0
Cirsium-aomorense_FJ325	5556732	2562613	46.1	1046	1034	1029	1024	960	774	1	212	266	807	222	0	0
Cirsium-apiculatum_T18	3790770	2043721	53.9	1043	1025	1020	1014	944	729	1	201	255	762	258	0	0
Cirsium-appendiculatum_MW201	5118248	2451198	47.9	1044	1030	1027	1022	973	815	4	235	321	783	244	0	0
Cirsium-arachnoideum_MW190	7090994	3557229	50.2	1047	1032	1028	1023	979	825	5	268	330	835	193	0	0
Cirsium-argyracanthum_PE242	6745358	5130345	76.1	1033	1022	1017	1010	888	635	0	144	199	693	324	0	0
Cirsium-arizonicum_arizonicum84	5173812	1946633	37.6	1049	1024	1023	1017	938	742	1	221	282	749	274	0	0
Cirsium-arvense_871128	5123076	1324572	25.9	1050	1025	1021	1015	959	786	3	258	305	806	215	0	0
Cirsium-arvense_vestitumT34	4234398	1626415	38.4	1046	1025	1019	1012	958	767	2	229	279	801	218	0	0
Cirsium-aybarsii_T26	5987674	3568346	59.6	1048	1032	1026	1019	943	746	3	226	276	778	248	0	0
Cirsium-aytatchii_T35	5674420	2489707	43.9	1049	1028	1024	1020	963	787	2	244	296	808	216	0	0
Cirsium-baytopae_TD4933	4855266	1518534	31.3	1049	1029	1025	1021	969	809	4	267	318	848	177	0	0
Cirsium_boluense_T50	6008928	2019209	33.6	1047	1028	1022	1017	962	781	3	239	289	814	208	0	0
Cirsium-bornmuelleri_MW217	4159542	512069	12.3	1041	1000	997	992	920	725	2	197	240	795	202	0	0
Cirsium-boujartii_MW202	5446750	1837177	33.7	1049	1028	1023	1017	948	739	1	204	261	777	246	0	0
Cirsium-brachycephalum_MW203	4498474	1665408	37	1041	1023	1019	1014	968	785	2	234	272	813	206	0	0
Cirsium-bracteosum_T11	5582148	1221563	21.9	1049	1021	1017	1013	960	802	4	272	333	816	201	0	0
Cirsium-brevifolium_122	4738694	892539	18.8	1040	1019	1018	1012	943	741	1	208	256	755	263	0	0
Cirsium-brevipapposum_MW204	4148428	1875684	45.2	1048	1029	1026	1021	954	768	2	213	267	802	224	0	0
Cirsium-buchwaldii_GC438	1639758	246310	15	1038	899	888	879	760	553	1	232	285	677	211	0	0
Cirsium-buergeri_277	3734972	1766378	47.3	1044	1024	1019	1012	949	765	1	204	252	776	243	0	0
Cirsium-bulgaricum_T30	2711150	1062767	39.2	1041	1018	1012	1005	920	700	1	189	244	737	275	0	0
Cirsium-buschianum_MW189	4153846	1568796	37.8	1045	1026	1021	1016	974	813	4	256	311	830	191	0	0
Cirsium-candelabrum_WG138	4924338	1683353	34.2	1048	1024	1020	1015	964	772	2	224	264	829	191	0	0
Cirsium-canescens_16	3381062	805352	23.8	1039	1020	1018	1011	945	754	2	218	265	786	232	0	0
Cirsium-canum_260	5240648	2830127	54	1041	1029	1022	1016	949	739	1	209	258	784	238	0	0
Cirsium-canum_T51	2589588	694929	26.8	1037	1001	993	981	874	638	0	149	192	727	266	0	0
Cirsium-caputmedusae_MA621	5945684	2746772	46.2	1051	1028	1024	1017	959	774	1	249	308	804	220	0	0
Cirsium-carniolicum_WG139	4802914	1645924	34.3	1045	1022	1017	1012	954	776	2	229	278	798	219	0	0
Cirsium-cassium_BY16420	7111196	1564301	22	1052	1032	1028	1024	976	819	3	275	321	834	194	0	0
Cirsium-caucasicum_BY16329	5368082	1811394	33.7	1051	1035	1032	1027	982	827	4	283	330	846	186	0	0
Cirsium-cephalotes_TD5197	4367290	1399618	32	1044	1026	1023	1019	977	817	4	279	324	847	176	0	0
Cirsium-chlorocomos_MW188	7396878	3442827	46.5	1050	1035	1032	1027	982	820	3	286	341	831	201	0	0
Cirsium-ciliatum_MW219	8686896	1148792	13.2	1048	1022	1019	1015	960	789	5	223	271	843	176	0	0
Cirsium-ciliatum_szovitsiiT44	4648328	1504728	32.4	1043	1023	1019	1015	966	777	4	244	296	823	196	0	0
Cirsium-cilicicum_TD3447	6828724	3065821	44.9	1050	1033	1026	1021	963	784	4	255	325	801	225	0	0
Cirsium-congdonii_41	3086950	1127678	36.5	1038	1021	1020	1013	941	745	0	221	271	768	252	0	0
Cirsium-congestum_MW195	3409226	1072145	31.4	1046	1023	1018	1014	954	759	2	222	269	802	216	0	0
Cirsium-conspicuum_34	5341460	2185457	40.9	1042	1023	1022	1015	933	735	0	217	278	742	280	0	0
Cirsium-coryletorum_MW163	3961428	1440169	36.4	1047	1018	1014	1008	955	779	2	215	251	818	196	0	0
Cirsium-crassicaule_30	3811816	1325889	34.8	1044	1022	1021	1015	933	727	0	207	258	747	274	0	0
Cirsium-creticum_TD5233	5062278	1922035	38	1041	1028	1025	1023	980	824	5	281	318	863	162	0	0
Cirsium-davisianum_TD4900	6730510	2367672	35.2	1048	1031	1026	1022	977	812	4	270	328	821	205	0	0
Cirsium-dealbatum_MW187	8106458	4215538	52	1053	1035	1031	1026	978	812	5	258	317	810	221	0	0
Cirsium-decussatum_MW168	4330928	1563799	36.1	1044	1024	1018	1011	924	699	1	180	238	737	281	0	0
Cirsium-dender_BC64	4138154	310360	7.5	1047	972	966	951	818	579	2	134	165	699	267	0	0
Cirsium-desertas_R32	4486712	2863445	63.8	1041	1028	1023	1018	977	825	5	262	300	878	145	0	0
Cirsium-dipsacolepis_FJ363	11014670	7735760	70.2	1052	1038	1031	1025	906	659	0	170	235	697	334	0	0
Cirsium-dirmilense_T10	3070058	1566325	51	1046	1027	1018	1013	936	725	1	206	258	773	245	0	0
Cirsium-discolor_V643	9516316	6173224	64.9	1045	1031	1028	1023	978	826	4	250	294	838	190	0	0
Cirsium-dissectum_WG141	5600446	2158229	38.5	1048	1024	1016	1010	939	741	0	213	263	782	234	0	0
Cirsium-domonii_FJ318	6574908	3389247	51.5	1047	1033	1028	1023	948	745	0	205	261	737	291	0	0
Cirsium-douglasii_87	4931038	1767759	35.8	1047	1023	1021	1016	944	745	2	219	274	756	265	0	0
Cirsium-dulcellieri_MA622	2565352	1210385	47.2	1042	1023	1013	1008	914	678	0	172	233	724	289	0	0
Cirsium-dyris_866383	4046020	789339	19.5	1047	1016	1011	1007	958	779	3	249	295	817	194	0	0
Cirsium-eatonii_151	6638706	2150373	32.4	1048	1026	1023	1017	955	766	2	234	283	772	251	0	0
Cirsium-echinatum_WG142	4073838	1279797	31.4	1048	1018	1013	1009	963	775	4	229	276	814	199	0	0
Cirsium-echinus_900271	4259340	1190898	28	1048	1025	1022	1017	970	805	3	248	283	857	165	0	0
Cirsium-edule_72	4360180	1238576	28.4	1037	1021	1020	1014	944	750	2	215	262	770	250	0	0
Cirsium-effusum_306	6290690	3100648	49.3	1048	1031	1027	1022	966	800	2	231	284	806	221	0	0
Cirsium-ehrenbergii_MA623	3398868	1793219	52.8	1040	1024	1020	1013	949	753	1	208	257	771	249	0	0
Cirsium-ekimianum_T6	6690356	1867549	27.9	1048	1028	1025	1020	978	813	4	264	306	843	182	0	0
Cirsium-elbrusense_MW186	8484942	4385330	51.7	1057	1035	1031	1028	980	824	4	274	393	730	301	0	0
Cirsium-ellenbergii_TD3052	4753764	1440600	30.3	1048	1025	1021	1016	967	800	3	256	297	830	191	0	0
Cirsium-elodes_TD4874	6300702	2360719	37.5	1045	1027	1024	1020	978	822	4	276	321	850	174	0	0
Cirsium-englerianum_BR77	5722916	1626488	28.4	1054	1039	1035	1030	966	765	3	252	305	804	231	0	0
Cirsium-eriophorum_eriophorumGC2737	3880498	879752	22.7	1045	1016	1014	1010	969	801	5	248	288	846	168	0	0
Cirsium-eriophorum_odontolepis971311	3801138	826344	21.7	1046	1012	1010	1006	958	803	4	244	286	845	165	0	0
Cirsium-erisithales_282	8364142	3076521	36.8	1049	1033	1026	1021	967	776	2	217	284	760	266	0	0
Cirsium-erytrolepis_MW185	6305140	3181169	50.5	1045	1035	1031	1027	982	829	6	280	326	859	172	0	0
Cirsium-esculentum_V642	7406966	4250816	57.4	1052	1032	1029	1026	979	816	4	268	317	843	186	0	0
Cirsium-fanjingshanense_PE221	6805474	899996	13.2	1048	1014	1009	1002	938	750	1	194	235	787	222	0	0
Cirsium-fargesii_PE237	1083954	569718	52.6	1038	999	992	973	811	546	0	98	133	658	334	0	0
Cirsium-ferox_252	8440348	2292225	27.2	1044	1026	1021	1015	949	742	1	215	267	787	234	0	0
Cirsium-flavispina_WG146	5767018	2871452	49.8	1046	1028	1023	1020	966	785	1	254	298	806	217	0	0
Cirsium-flodmanii_123	4701762	2479909	52.7	1042	1025	1024	1019	967	798	2	252	294	802	222	0	0
Cirsium-fontinale_campylon46	7103932	543692	7.7	1044	1007	1005	997	908	703	1	194	238	742	263	0	0
Cirsium-frickii_BY17154	5669354	1645660	29	1049	1031	1027	1022	960	768	3	246	305	799	228	0	0
Cirsium-funagataense_FJ404	2969744	378626	12.7	1035	973	968	961	876	685	1	155	186	773	195	0	0
Cirsium-furiens_V641	3659328	1888328	51.6	1043	1029	1023	1015	923	714	3	204	264	746	277	0	0
Cirsium-gaditanum_MA624	6530116	4243826	65	1040	1030	1026	1022	975	805	4	262	312	826	200	0	0
Cirsium-gagnidzei_MW183	3667124	1679300	45.8	1046	1021	1017	1012	958	779	4	251	315	805	212	0	0
Cirsium-giraudiasii_WG147	3369060	1162427	34.5	1044	1021	1016	1012	963	784	3	234	272	846	170	0	0
Cirsium-glabrifolium_PE236	3648188	1606825	44	1043	1024	1019	1013	944	749	0	196	245	792	227	0	0
Cirsium-glabrum_280	7886282	3221802	40.9	1049	1026	1022	1017	967	788	2	234	275	825	197	0	0
Cirsium-grahamii_69	5657198	2029319	35.9	1043	1022	1021	1015	946	740	0	226	281	756	265	0	0
Cirsium-grecescui_MW196	4773892	1840461	38.6	1048	1027	1021	1013	950	749	1	215	265	783	238	0	0
Cirsium-griffithii_V640	2118430	1330525	62.8	1043	1021	1016	1009	917	678	0	173	223	731	285	0	0
Cirsium-gyojanum_FJ317	5895684	2703659	45.9	1047	1032	1026	1020	967	786	3	234	288	797	229	0	0
Cirsium-handaniae_BY17164	4996842	854186	17.1	1046	1017	1014	1008	957	793	2	253	298	824	190	0	0
Cirsium-handelii_PE235	4534690	2089230	46.1	1044	1020	1015	1010	947	743	1	202	253	782	233	0	0
Cirsium-haussknechtii_TD17212	5198040	1795847	34.5	1049	1029	1028	1024	979	828	4	285	332	856	172	0	0
Cirsium-helenioides_MW169	4415544	2335755	52.9	1046	1030	1023	1018	959	781	1	216	272	789	234	0	0
Cirsium-henryi_PE234	1947226	1242882	63.8	1032	991	977	959	784	503	0	79	125	646	331	0	0
Cirsium-hesperium_32	10851406	2055150	18.9	1054	1026	1023	1017	954	755	1	216	273	754	269	0	0
Cirsium-heterophyllum_MW162	7023054	3242570	46.2	1048	1034	1028	1024	973	798	4	230	278	826	202	0	0
Cirsium-heterotrichum_WG149	4885962	2424119	49.6	1048	1025	1022	1018	960	771	4	230	281	790	232	0	0
Cirsium-hygrophilum_V639	4762944	2882147	60.5	1046	1025	1024	1021	973	808	5	348	447	757	267	0	0
Cirsium-hypoleucum_T67	3637606	1523148	41.9	1043	1016	1007	998	894	641	0	216	277	714	293	0	0
Cirsium-incanum_902290	5203668	1343959	25.8	1048	1023	1021	1017	972	796	4	271	317	820	201	0	0
Cirsium-interpositum_PE233	5001474	2251260	45	1046	1027	1023	1018	938	731	1	289	402	700	323	0	0
Cirsium-iranicum_MW216	4612150	536140	11.6	1044	998	995	990	928	735	3	216	251	816	179	0	0
Cirsium-iraqense_T59	1860906	581022	31.2	1023	986	980	968	849	611	0	139	177	710	270	0	0
Cirsium-ishidatense_FJ324	4708488	1995567	42.4	1042	1025	1018	1012	952	775	2	220	263	812	206	0	0
Cirsium-ishizuchiense_FJ319	4881480	2536294	52	1047	1029	1025	1019	960	772	0	222	276	785	240	0	0
Cirsium-italicum_T19	5314640	1192740	22.4	1046	1015	1015	1012	972	818	5	258	282	860	155	0	0
Cirsium-italicum_T632	6645136	3691905	55.6	1045	1026	1024	1020	980	837	7	284	307	900	124	0	0
Cirsium-japonicum_horridumFJ315	3042150	898625	29.5	1045	1012	1007	996	913	712	1	144	202	702	305	0	0
Cirsium-joannae_83	3620972	936145	25.9	1043	1019	1018	1012	945	751	0	210	264	766	252	0	0
Cirsium-kamtschaticum_MW161	3889156	1286015	33.1	1043	1020	1017	1012	956	782	2	218	268	784	233	0	0
Cirsium-karduchorum_TD3579	6180386	2038209	33	1049	1033	1029	1024	976	810	2	277	338	835	194	0	0
Cirsium-kasaianum_FJ399	2221422	582819	26.2	1042	1005	1001	995	911	727	2	198	236	792	209	0	0
Cirsium-ketzkhovelii_MW184	4363780	1675625	38.4	1048	1024	1019	1014	929	728	1	190	251	748	271	0	0
Cirsium-kirbense_MA626	1649452	1155999	70.1	1038	1001	990	965	764	469	1	97	145	600	390	0	0
Cirsium-kosmelii_TD5191	5070482	1689205	33.3	1047	1028	1025	1021	975	810	5	286	333	828	197	0	0
Cirsium-laniflorum_MW173	4059806	1555197	38.3	1044	1028	1022	1017	965	800	6	232	292	811	211	0	0
Cirsium-lappoides_MA627	8465278	6149499	72.6	1047	1035	1028	1023	946	744	0	292	391	757	271	0	0
Cirsium-latifolia_R97	4323416	2672894	61.8	1043	1026	1024	1019	981	827	6	258	288	887	137	0	0
Cirsium-latifolia_R98	10642550	7349881	69.1	1050	1033	1027	1022	977	801	3	252	302	838	189	0	0
Cirsium-latifolium_BC29	7364452	5139192	69.8	1048	1031	1026	1021	977	820	3	264	306	850	176	0	0
Cirsium-lecontei_93	5522534	1273949	23.1	1045	1021	1020	1014	952	786	2	226	270	790	230	0	0
Cirsium-leo_PE231	4338448	1541390	35.5	1045	1028	1021	1014	926	707	0	177	227	746	275	0	0
Cirsium-leucocephalum_T21	3188990	1618258	50.7	1044	1025	1019	1014	942	726	2	211	265	769	250	0	0
Cirsium-leuconeurum_T2	5079184	1313102	25.9	1047	1018	1017	1012	967	811	3	273	316	840	177	0	0
Cirsium-leucopsis_T17	9143858	1983976	21.7	1051	1028	1025	1019	960	787	1	249	308	809	216	0	0
Cirsium-libanoticum_libanoticumT76	3911894	1597523	40.8	1043	1025	1019	1015	954	781	0	237	285	810	209	0	0
Cirsium-lidjiangense_PE230	5938482	2242556	37.8	1048	1026	1021	1016	938	724	1	276	388	671	350	0	0
Cirsium-ligulare_TD4945	6571434	1858551	28.3	1053	1036	1029	1024	970	797	2	259	307	826	203	0	0
Cirsium-lineare_PE229	5446334	1922804	35.3	1052	1027	1022	1017	964	793	2	218	263	823	199	0	0
Cirsium-longistylum_18	3143634	1108261	35.3	1041	1023	1021	1015	941	737	1	217	268	754	267	0	0
Cirsium-maackii_MW159	3550484	1320287	37.2	1045	1020	1016	1011	958	778	3	214	263	815	201	0	0
Cirsium-macrobotrys_T310	2491770	858933	34.5	1040	1015	1009	1002	946	755	4	220	258	813	196	0	0
Cirsium-macrocephalum_MW182	3614174	1525703	42.2	1046	1026	1019	1014	963	786	4	247	317	806	213	0	0
Cirsium-magofukui_FJ316	7640030	3883616	50.8	1048	1036	1031	1025	965	790	2	224	280	789	242	0	0
Cirsium-maritimum_FJ406	2508586	540601	21.6	1040	1001	993	984	908	721	2	186	222	802	191	0	0
Cirsium-matsumurae_vardubiumFJ314	4915560	2201498	44.8	1045	1030	1028	1023	970	801	3	230	279	811	217	0	0
Cirsium-mexicanum_306	2419384	1740761	72	1040	1024	1019	1013	929	702	0	188	233	733	286	0	0
Cirsium-microspicatum_278	3452182	1824295	52.8	1042	1020	1015	1010	944	758	2	208	254	777	238	0	0
Cirsium-mohavense_43	3117920	1298274	41.6	1039	1022	1021	1015	937	732	0	207	262	759	262	0	0
Cirsium-monocephalum_PE228	3940192	2250707	57.1	1046	1030	1025	1019	947	740	0	208	283	746	279	0	0
Cirsium-monspessulanum_870806	7695650	2245879	29.2	1051	1032	1024	1020	964	786	1	254	304	813	211	0	0
Cirsium-morinifolium_270	2211518	913273	41.3	1036	1013	1010	1003	906	710	1	186	229	762	248	0	0
Cirsium-morisianum_MW197	3089372	1166741	37.8	1045	1021	1016	1012	963	787	4	232	281	828	188	0	0
Cirsium-neomexicanum_10	4334016	1543039	35.6	1049	1028	1023	1017	946	747	1	225	281	762	261	0	0
Cirsium-nerimaniae_TD4935	4222148	1188526	28.1	1045	1026	1024	1019	965	799	2	253	292	848	176	0	0
Cirsium-nippoense_FJ401	5255268	885697	16.9	1050	1009	1003	997	936	752	2	219	264	794	209	0	0
Cirsium-nipponicum_276	4507138	2358142	52.3	1045	1028	1025	1020	947	761	2	207	264	773	252	0	0
Cirsium-norikurense_FJ313	3904008	1407793	36.1	1041	1025	1023	1018	950	768	2	207	256	797	226	0	0
Cirsium-nuttallii_64	3422950	937017	27.4	1045	1019	1019	1012	947	754	0	221	265	763	256	0	0
Cirsium-oblongifolium_MW181	5429860	2626980	48.4	1049	1031	1027	1021	957	769	3	232	317	737	290	0	0
Cirsium-obvallatum_T40	5108376	2228551	43.6	1049	1032	1026	1020	946	728	0	226	293	744	282	0	0
Cirsium-occidentale_candidissimum78	3908188	1090293	27.9	1040	1023	1022	1016	951	767	1	218	262	784	238	0	0
Cirsium-ochrocentrum_17	1923668	1094452	56.9	1044	1027	1025	1019	944	738	1	220	271	764	261	0	0
Cirsium-ochrolepidium_279	4026420	1861687	46.2	1044	1020	1015	1009	942	753	3	213	262	776	239	0	0
Cirsium-odontolepis_251	4465010	1827997	40.9	1039	1024	1020	1015	947	742	1	209	256	784	236	0	0
Cirsium-oleraceum_WG151	6041448	2686895	44.5	1050	1031	1027	1022	971	783	2	232	299	800	227	0	0
Cirsium-oligophyllum_FJ332	3584442	970062	27.1	1042	998	982	973	871	629	0	106	158	633	349	0	0
Cirsium-osseticum_TD4848	5418574	1097398	20.3	1051	1021	1017	1013	971	814	6	271	312	842	175	0	0
Cirsium-ownbeyi_144	3965226	1389624	35	1046	1022	1022	1016	955	767	1	232	285	782	240	0	0
Cirsium-palustre_909722	6046178	1565316	25.9	1047	1027	1025	1020	976	806	3	254	298	829	196	0	0
Cirsium-pannonicum_878461	5114922	1338592	26.2	1049	1025	1023	1019	970	810	1	259	314	825	198	0	0
Cirsium-peckii_130	4014392	2153287	53.6	1041	1024	1022	1016	964	782	1	243	293	793	229	0	0
Cirsium-pendulum_MW157	2289314	839412	36.7	1035	1004	1000	995	946	770	3	197	229	816	184	0	0
Cirsium-peshmenianum_TD5108	3390568	706382	20.8	1044	1001	1000	996	946	777	2	250	289	817	183	0	0
Cirsium-phyllocephalum_MA629	3567710	1960611	55	1041	987	977	965	829	567	1	118	166	620	357	0	0
Cirsium-poluninii_T7	3042182	1332296	43.8	1046	1023	1016	1008	917	703	0	191	252	747	269	0	0
Cirsium-polycephalum_T20	4775492	758503	15.9	1044	1012	1009	1005	957	779	1	252	286	817	192	0	0
Cirsium-pseudobracteosum_T15	4980244	824936	16.6	1048	1017	1016	1012	956	787	4	250	307	805	211	0	0
Cirsium-pseudocreticum_TD4946	5898344	1892845	32.1	1047	1026	1022	1017	969	819	3	270	311	848	174	0	0
Cirsium-pseudopersonata_261	3886200	2137335	55	1046	1023	1019	1014	922	707	2	276	390	700	319	0	0
Cirsium-pseudosuffultum_FJ311	4530908	2016095	44.5	1047	1028	1023	1018	960	785	1	233	286	786	237	0	0
Cirsium-pubigerum_varglomeratumT33	2762966	1201128	43.5	1045	1026	1023	1019	952	783	3	241	308	768	255	0	0
Cirsium-pugnax_MW180	4611392	1800747	39	1046	1025	1021	1016	956	757	1	233	300	781	240	0	0
Cirsium-pulcherrimum_MA630	7037918	4403270	62.6	1045	1029	1025	1019	983	847	5	353	414	841	184	0	0
Cirsium-pyramidale_MW218	5317258	523284	9.8	1046	1006	1001	997	936	744	3	207	241	810	191	0	0
Cirsium-remotifolium_56	7578516	1771368	23.4	1047	1022	1020	1014	942	745	1	206	259	749	271	0	0
Cirsium-repandum_68	5514022	2003833	36.3	1044	1025	1022	1016	950	753	2	229	285	759	263	0	0
Cirsium-rhizocephalum_sinuatumT42	4583982	1620058	35.3	1051	1030	1026	1020	952	763	2	222	280	792	234	0	0
Cirsium-richterianum_MA394	2002912	416707	20.8	1041	995	989	981	885	660	0	165	210	750	239	0	0
Cirsium-rigidum_TD3621	5735246	2150769	37.5	1052	1030	1026	1022	972	793	2	279	328	832	194	0	0
Cirsium-rivulare_871033	7220108	2287374	31.7	1049	1029	1026	1023	973	797	1	254	297	835	191	0	0
Cirsium-rosulatum_MA396	1788608	537095	30	1041	1004	997	989	894	653	0	159	198	733	264	0	0
Cirsium-sairamense_L04	9669416	3172572	32.8	1052	1033	1029	1026	976	798	3	251	297	818	211	0	0
Cirsium-scariosum_22	2034784	1236761	60.8	1042	1024	1023	1017	933	726	0	215	270	753	270	0	0
Cirsium-schimperi_BR69	56906834	41089591	72.2	1058	1040	1028	1025	988	853	4	664	859	776	259	0	0
Cirsium-schischkinii_MW155	2792806	982495	35.2	1041	1022	1017	1011	963	786	2	222	275	823	194	0	0
Cirsium-scopulorum_102	5367516	3612545	67.3	1047	1027	1024	1020	954	754	1	230	291	761	263	0	0
Cirsium-scopulorum_145	14578690	845520	5.8	1051	1018	1013	1006	946	776	3	215	255	774	239	0	0
Cirsium-semenovii_MW199	4049486	1807645	44.6	1047	1027	1022	1017	965	804	2	220	256	845	177	0	0
Cirsium-semzinanicum_TD5133	4721742	754414	16	1047	1010	1007	1003	948	779	4	274	333	792	215	0	0
Cirsium-serratuloides_MW154	1980260	556434	28.1	1038	992	988	983	932	760	3	208	239	821	167	0	0
Cirsium-serrulatum_MW167	3001896	1029740	34.3	1042	1021	1016	1010	944	745	1	214	254	793	223	0	0
Cirsium-shidokimontanum_FJ338	4996634	2004613	40.1	1049	1032	1025	1020	963	792	3	222	273	807	218	0	0
Cirsium-sieboldii_366	4109610	1317250	32.1	1043	1021	1017	1012	955	777	3	237	275	820	197	0	0
Cirsium-sieversii_MW200	5474970	2292550	41.9	1051	1026	1023	1018	972	815	4	252	291	860	163	0	0
Cirsium-simplex_MW179	4580954	2126527	46.4	1047	1029	1026	1020	939	711	0	207	269	766	260	0	0
Cirsium-simplex_subsparmenumT22	4065216	1874978	46.1	1047	1024	1020	1014	949	746	0	211	269	781	239	0	0
Cirsium-sintenisii_T3	3785574	723468	19.1	1046	1003	1000	995	948	775	3	239	277	814	186	0	0
Cirsium-sipyleum_TD4947	4305792	1387213	32.2	1044	1026	1023	1019	975	821	3	272	314	855	168	0	0
Cirsium-sivasicum_T36	5072434	1818535	35.9	1050	1027	1022	1016	955	753	2	246	304	779	243	0	0
Cirsium-sommieri_TD3738	5615116	2079143	37	1047	1033	1031	1026	979	809	3	268	317	822	209	0	0
Cirsium-sorocephalum_16906	5178514	801724	15.5	1045	1019	1015	1011	955	782	4	243	290	830	185	0	0
Cirsium-sosnowskyi_MW178	3272164	1552806	47.5	1044	1024	1017	1010	915	719	2	202	254	760	257	0	0
Cirsium-spathulatum_MW198	4140716	1570425	37.9	1052	1025	1018	1008	914	671	1	178	236	723	295	0	0
Cirsium-spectabile_MA395	2436906	569074	23.4	1039	1012	1006	1000	934	738	2	205	243	798	208	0	0
Cirsium-spicatum_FJ330	5189812	2524493	48.6	1048	1034	1029	1024	967	786	2	230	278	813	216	0	0
Cirsium-spinosissimum_272	4956348	2329684	47	1049	1029	1024	1018	949	761	0	215	266	796	228	0	0
Cirsium-steirolepis_T9	5042932	1026540	20.4	1043	1022	1018	1014	964	796	3	244	296	839	179	0	0
Cirsium-straminispinum_typeBR583	6772552	4431470	65.4	1046	1036	1029	1025	939	713	1	427	564	697	332	0	0
Cirsium-strigosum_MW220	6986074	899835	12.9	1044	1021	1014	1009	958	767	4	224	268	827	187	0	0
Cirsium-subcoriaceum_MA427	1669866	226625	13.6	1029	941	937	926	818	587	0	126	157	720	217	0	0
Cirsium-subinerme_T78	6038616	2752917	45.6	1049	1031	1022	1017	954	765	2	229	289	777	245	0	0
Cirsium-subulariforme_PE225	6661410	2584844	38.8	1049	1033	1029	1024	955	763	1	319	447	716	313	0	0
Cirsium-suzukaense_FJ329	7273398	2902257	39.9	1050	1030	1026	1021	967	782	0	229	284	794	232	0	0
Cirsium-svaneticum_MW177	4405070	1963204	44.6	1048	1027	1023	1019	954	772	2	246	322	749	274	0	0
Cirsium-sychnosanthum_MW176	2661510	1162419	43.7	1045	1024	1021	1016	961	785	4	235	268	837	184	0	0
Cirsium-tanakae_271	5286742	3088450	58.4	1043	1031	1027	1022	962	779	2	220	261	793	234	0	0
Cirsium-tenoreanum_WG152	3148366	1142607	36.3	1041	1024	1019	1013	955	768	2	208	258	815	204	0	0
Cirsium-tenuifolium_PE298	4000812	2622059	65.5	1039	1023	1016	1010	903	652	0	168	218	699	318	0	0
Cirsium-texanum_4	4276020	1442639	33.7	1051	1025	1022	1015	939	737	1	222	280	753	269	0	0
Cirsium-tioganum_21	207520216	3401862	1.6	1058	1050	1038	1037	1029	987	82	236	355	561	477	0	0
Cirsium-tomentosum_TD514	4260754	1458779	34.2	1045	1026	1025	1021	978	823	4	280	337	830	195	0	0
Cirsium-tonense_abukumenseFJ400	3531394	844624	23.9	1042	1007	1000	994	932	751	2	210	246	803	197	0	0
Cirsium-tonense_FJ403	3304226	830324	25.1	1039	1002	998	993	934	757	3	206	244	801	197	0	0
Cirsium-trachylepis_TD17052	6569426	2458202	37.4	1052	1035	1031	1026	974	804	3	269	330	823	208	0	0
Cirsium-tracyi_13	1861960	1409983	75.7	1039	1028	1025	1019	947	752	1	228	278	772	253	0	0
Cirsium-tuberosum_841839	3965144	1062358	26.8	1043	1016	1015	1010	959	799	3	265	315	824	191	0	0
Cirsium-tuberosum_WG153	3912730	1675434	42.8	1041	1025	1020	1016	965	784	2	231	288	819	201	0	0
Cirsium-turkestanicum_MW211	4594782	599491	13	1041	1004	1001	996	943	753	4	211	250	834	167	0	0
Cirsium-turneri_140	4565480	1538071	33.7	1044	1024	1021	1015	951	761	1	225	276	779	242	0	0
Cirsium-tymphaeum_V638	6250784	3889662	62.2	1049	1036	1031	1028	982	810	2	274	324	842	189	0	0
Cirsium-uliginosum_MW174	4920836	2623973	53.3	1047	1031	1027	1021	962	773	5	250	327	743	284	0	0
Cirsium-uzenense_FJ402	3819262	756434	19.8	1044	1009	1004	997	932	742	3	203	240	794	210	0	0
Cirsium-valentinum_MA393	2913704	962141	33	1048	1016	1011	1007	952	759	2	251	302	811	200	0	0
Cirsium-validum_47	11130288	999496	9	1055	1025	1020	1012	919	700	0	182	234	726	294	0	0
Cirsium-verutum_PE223	3218522	2020974	62.8	1044	1030	1024	1019	949	741	1	294	408	723	301	0	0
Cirsium-vinaceum_52	4104820	1768565	43.1	1047	1024	1022	1016	940	731	0	213	268	740	282	0	0
Cirsium-vlassovianum_MW191	3676758	1628863	44.3	1048	1029	1023	1018	955	770	1	212	259	793	230	0	0
Cirsium-vulgare_15	1881164	1336733	71.1	1049	1026	1024	1020	941	750	4	424	542	761	263	0	0
Cirsium-vulgare_BC35	5758378	1978185	34.4	1048	1033	1032	1029	983	818	3	517	645	799	233	0	0
Cirsium-vulgare_GC2738	4977194	1327282	26.7	1043	1027	1025	1021	974	811	4	497	631	797	228	0	0
Cirsium-vulgare_GT322	5718114	1641200	28.7	1048	1028	1022	1017	958	764	5	330	452	711	311	0	0
Cirsium-vulgare_GT340	3198996	574129	17.9	1043	1000	994	986	903	706	3	255	332	738	256	0	0
Cirsium-waldsteinii_MW166	5782710	2349678	40.6	1053	1028	1022	1017	927	709	0	178	244	706	316	0	0
Cirsium-wallichii_V637	5157256	3420691	66.3	1048	1027	1024	1017	957	766	0	217	274	792	232	0	0
Cirsium-wheeleri_50	11915378	1735677	14.6	1056	1026	1020	1015	930	725	0	214	272	724	296	0	0
Cirsium-wrightii_80	3277406	953193	29.1	1042	1016	1015	1009	935	734	0	210	261	752	263	0	0
Cirsium-yezoense_FJ335	5904686	2660136	45.1	1047	1032	1027	1022	965	780	1	236	281	796	231	0	0
Cirsium-yildizianum_BY17213	3755430	869591	23.2	1045	1010	1009	1005	960	793	4	246	287	826	183	0	0
Cirsium-yoshinoi_FJ405	2575030	536252	20.8	1044	990	986	980	908	721	3	189	224	789	197	0	0
Cirsium-yukiuenoanum_FJ398	2090070	623974	29.9	1045	1008	1003	996	921	725	2	191	233	804	199	0	0
Cynara-humilis_304	8292372	4046213	48.8	1047	1038	1031	1024	954	752	3	224	275	777	254	0	0
Galactites-tomentosa_S24	6617862	946437	14.3	1043	1003	1000	994	930	761	0	209	246	791	209	0	0
Lamyropsis-microcephala_302	1887482	824737	43.7	1041	1009	1004	996	886	620	1	162	202	725	279	0	0
Notobasis-syriaca_BC688	5494008	3639410	66.2	1051	1030	1025	1020	972	814	3	260	302	859	166	0	0
Notobasis-syriaca_BC689	3094926	1464923	47.3	1043	1022	1017	1010	955	799	3	243	274	868	149	0	0
Notobasis-syriaca_BC690	4645566	3108352	66.9	1051	1033	1030	1024	960	766	2	379	488	722	308	0	0
Notobasis-syriaca_S1844	7592012	3857000	50.8	1054	1039	1032	1027	971	780	2	237	300	802	230	0	0
Picnomon-acarna_BC37	5072314	2529685	49.9	1049	1031	1025	1021	951	758	2	232	278	798	227	0	0
Picnomon-acarna_BC62	6654444	2630885	39.5	1046	1029	1027	1023	979	833	4	269	308	872	155	0	0
Picnomon-acarna_BC686	6432044	4296090	66.8	1048	1035	1030	1027	982	838	5	276	320	880	150	0	0
Picnomon-acarna_BC687	4674376	3050713	65.3	1045	1026	1021	1016	966	816	4	266	309	856	165	0	0
Ptilostemon-diacantha_S37	8872502	2885579	32.5	1054	1035	1033	1026	944	719	2	224	278	772	261	0	0
Silybum-marianum_MW208	4007798	826813	20.6	1048	1015	1009	1005	940	774	2	230	258	825	184	0	0
Tyrimnus-leucographus_BC300	4120190	1933860	46.9	1044	1026	1022	1018	952	770	4	219	249	845	177	0	0
